CREATE DATABASE  IF NOT EXISTS `mbti_careers` /*!40100 DEFAULT CHARACTER SET utf8mb4 COLLATE utf8mb4_0900_ai_ci */ /*!80016 DEFAULT ENCRYPTION='N' */;
USE `mbti_careers`;
-- MySQL dump 10.13  Distrib 8.0.41, for Win64 (x86_64)
--
-- Host: 127.0.0.1    Database: mbti_careers
-- ------------------------------------------------------
-- Server version	8.0.41

/*!40101 SET @OLD_CHARACTER_SET_CLIENT=@@CHARACTER_SET_CLIENT */;
/*!40101 SET @OLD_CHARACTER_SET_RESULTS=@@CHARACTER_SET_RESULTS */;
/*!40101 SET @OLD_COLLATION_CONNECTION=@@COLLATION_CONNECTION */;
/*!50503 SET NAMES utf8 */;
/*!40103 SET @OLD_TIME_ZONE=@@TIME_ZONE */;
/*!40103 SET TIME_ZONE='+00:00' */;
/*!40014 SET @OLD_UNIQUE_CHECKS=@@UNIQUE_CHECKS, UNIQUE_CHECKS=0 */;
/*!40014 SET @OLD_FOREIGN_KEY_CHECKS=@@FOREIGN_KEY_CHECKS, FOREIGN_KEY_CHECKS=0 */;
/*!40101 SET @OLD_SQL_MODE=@@SQL_MODE, SQL_MODE='NO_AUTO_VALUE_ON_ZERO' */;
/*!40111 SET @OLD_SQL_NOTES=@@SQL_NOTES, SQL_NOTES=0 */;

--
-- Table structure for table `careers`
--

DROP TABLE IF EXISTS `careers`;
/*!40101 SET @saved_cs_client     = @@character_set_client */;
/*!50503 SET character_set_client = utf8mb4 */;
CREATE TABLE `careers` (
  `career_id` int NOT NULL AUTO_INCREMENT,
  `career_name` varchar(100) NOT NULL,
  `career_description` text,
  PRIMARY KEY (`career_id`),
  UNIQUE KEY `career_name` (`career_name`)
) ENGINE=InnoDB AUTO_INCREMENT=147 DEFAULT CHARSET=utf8mb4 COLLATE=utf8mb4_0900_ai_ci;
/*!40101 SET character_set_client = @saved_cs_client */;

--
-- Dumping data for table `careers`
--

LOCK TABLES `careers` WRITE;
/*!40000 ALTER TABLE `careers` DISABLE KEYS */;
INSERT INTO `careers` VALUES (1,'客户经理','负责维护客户关系，达成销售目标'),(2,'银行家','从事银行业务的专业人员'),(3,'行政助理','协助处理日常行政事务'),(4,'会计','负责财务记录和报表的专业人员'),(5,'图书管理员','管理图书馆资源和服务的专业人员'),(6,'工程师','应用科学原理解决实际问题的专业人员'),(7,'牙医','口腔健康医疗专业人员'),(8,'药剂师','药物制备和管理的专业人员'),(9,'验光师','眼睛健康和视力矫正的专业人员'),(10,'审计师','审查财务记录和系统的专业人员'),(11,'质量控制专员','确保产品质量符合标准的专业人员'),(12,'军事后勤','负责军队物资和人员调配的专业人员'),(13,'法律文书','协助律师处理法律文件的专业人员'),(14,'保险精算师','评估保险风险的专业人员'),(15,'护士','提供医疗护理服务的专业人员'),(16,'医疗助理','协助医生进行医疗工作的专业人员'),(17,'儿科医生','专门治疗儿童疾病的医生'),(18,'精神科医生','诊断和治疗精神疾病的医生'),(19,'兽医','治疗动物疾病的专业人员'),(20,'家庭教师','提供个性化教学指导的教育工作者'),(21,'社工','帮助解决社会问题的专业人员'),(22,'老年护理专员','专门照顾老年人的专业人员'),(23,'档案管理员','管理和维护档案的专业人员'),(24,'营养师','提供饮食和营养建议的专业人员'),(25,'特殊教育教师','教育有特殊需求学生的教师'),(26,'宗教工作者','从事宗教服务和指导的专业人员'),(27,'销售经理','管理销售团队的专业人员'),(28,'会计经理','管理会计部门的专业人员'),(29,'项目经理','规划和管理项目的专业人员'),(30,'财务经理','管理组织财务的专业人员'),(31,'军事指挥官','领导军事单位的专业人员'),(32,'合规官','确保组织遵守法规的专业人员'),(33,'运营经理','管理日常运营的专业人员'),(34,'法官','主持法庭审判的专业人员'),(35,'警察/狱警','维护法律和秩序的专业人员'),(36,'供应链管理','管理产品供应链的专业人员'),(37,'呼叫中心客服','处理客户咨询和投诉的专业人员'),(38,'接待员','接待访客和处理前台事务的专业人员'),(39,'迎宾员','在场所入口欢迎和引导客人的专业人员'),(40,'客户服务代表','提供客户服务的专业人员'),(41,'活动策划','组织和策划活动的专业人员'),(42,'社区协调员','协调社区活动和资源的专业人员'),(43,'健康顾问','提供健康建议的专业人员'),(44,'婚礼策划师','专门策划婚礼的专业人员'),(45,'学校辅导员','为学生提供学业和职业指导的专业人员'),(46,'人力资源（员工关系）','管理员工关系的专业人员'),(47,'机械工程师','设计机械系统的专业人员'),(48,'电工','安装和维护电气系统的专业人员'),(49,'建筑师','设计建筑物的专业人员'),(50,'私人侦探','进行秘密调查的专业人员'),(51,'司机','驾驶车辆的专业人员'),(52,'飞行员','驾驶飞机的专业人员'),(53,'网络安全专家','保护计算机系统安全的专业人员'),(54,'赛车手','参加赛车比赛的专业人员'),(55,'消防员','灭火和救援的专业人员'),(56,'枪械技师','维护和修理枪械的专业人员'),(57,'野外求生教练','教授野外生存技能的专业人员'),(58,'艺术家','创作艺术作品的创作者'),(59,'设计师','进行创意设计的专业人员'),(60,'摄影师','拍摄照片的专业人员'),(61,'音乐家','创作和表演音乐的专业人员'),(62,'作家','创作文学作品的作者'),(63,'园艺师','设计和维护花园的专业人员'),(64,'演员','表演戏剧、电影等的专业人员'),(65,'烹饪师','专业烹饪食物的厨师'),(66,'面包师','专业制作面包和糕点的厨师'),(67,'手工艺人','制作手工艺品的专业人员'),(68,'宠物美容师','为宠物提供美容服务的专业人员'),(69,'自然导游','带领自然观光活动的专业人员'),(70,'纹身师','为顾客纹身的专业人员'),(71,'舞蹈治疗师','使用舞蹈进行心理治疗的专业人员'),(72,'销售主管','管理销售活动的专业人员'),(73,'旅行社','组织旅游服务的专业人员'),(74,'销售员','销售产品或服务的专业人员'),(75,'内容营销','创建营销内容的专业人员'),(76,'调酒师','调制饮品的专业人员'),(77,'经济学家','研究经济问题的专业人员'),(78,'SEM专家','管理搜索引擎营销的专业人员'),(79,'体育教练','训练运动员的专业人员'),(80,'拍卖师','主持拍卖的专业人员'),(81,'危机管理顾问','帮助处理危机的专业人员'),(82,'特技演员','表演特技的专业人员'),(83,'房地产经纪人','买卖房产的专业人员'),(84,'咖啡师','专业制作咖啡的专业人员'),(85,'厨师','专业烹饪的专业人员'),(86,'内容创作者','创作各种内容的专业人员'),(87,'人力资源HR','管理人力资源的专业人员'),(88,'品牌大使','代表和推广品牌的专业人员'),(89,'真人秀主持人','主持真人秀节目的专业人员'),(90,'儿童节目主持人','主持儿童节目的专业人员'),(91,'派对策划','组织和策划派对的专业人员'),(92,'数据建模师','创建数据模型的专业人员'),(93,'律师','提供法律服务的专业人员'),(94,'软件工程师','开发软件的专业人员'),(95,'数字营销','进行数字化营销的专业人员'),(96,'管理咨询顾问','提供管理建议的专业人员'),(97,'系统架构师','设计复杂系统的专业人员'),(98,'科幻作家','创作科幻作品的作家'),(99,'军事战略家','制定军事战略的专业人员'),(100,'生物技术研究员','研究生物技术的专业人员'),(101,'教师（大学/研究型）','在大学或研究机构教学的专业人员'),(102,'数据分析师','分析数据的专业人员'),(103,'化学家','研究化学的专业人员'),(104,'SEO专家','优化搜索引擎排名的专业人员'),(105,'AI研究员','研究人工智能的专业人员'),(106,'哲学学者','研究哲学的学者'),(107,'游戏设计师','设计电子游戏的专业人员'),(108,'天文物理学家','研究天体物理学的专业人员'),(109,'密码学家','研究密码学的专业人员'),(110,'企业家','创办和管理企业的专业人员'),(111,'教师助理','协助教师工作的专业人员'),(112,'政治领袖','领导政治活动的专业人员'),(113,'并购律师','专门处理并购案件的律师'),(114,'风险投资家','进行风险投资的投资者'),(115,'上市公司CEO','领导上市公司的首席执行官'),(116,'制度改革顾问','建议制度改革的专业人员'),(117,'策划师','进行各种策划的专业人员'),(118,'金融分析师','分析金融数据的专业人员'),(119,'网页设计师','设计网站的专业人员'),(120,'创业导师','指导创业者的专业人员'),(121,'辩论教练','训练辩论技能的专业人员'),(122,'科技创新顾问','提供科技创新建议的专业人员'),(123,'政治评论员','评论政治事件的专家'),(124,'发明家','创造新发明的人员'),(125,'心理学家','研究心理的专业人员'),(126,'幼教','教育幼儿的专业人员'),(127,'销售顾问','提供销售建议的专业人员'),(128,'职业咨询师','提供职业建议的专业人员'),(129,'非营利组织负责人','管理非营利组织的专业人员'),(130,'人文社科教授','教授人文社科知识的专业人员'),(131,'灵性导师','提供灵性指导的专业人员'),(132,'社交媒体营销','进行社交媒体营销的专业人员'),(133,'诗人','创作诗歌的作家'),(134,'人权律师','专门处理人权案件的律师'),(135,'环境活动家','推动环境保护的活动家'),(136,'音乐治疗师','使用音乐进行治疗的专业人员'),(137,'心理咨询师','提供心理咨询的专业人员'),(138,'团队教练','训练团队的教练'),(139,'公关总监','管理公共关系的总监'),(140,'公益基金会主管','管理公益基金会的专业人员'),(141,'临终关怀顾问','提供临终关怀建议的专业人员'),(142,'室内设计师','设计室内空间的专业人员'),(143,'创意总监','领导创意团队的总监'),(144,'人生教练','指导人生发展的教练'),(145,'跨文化培训师','培训跨文化能力的专业人员'),(146,'纪录片制片人','制作纪录片的专业人员');
/*!40000 ALTER TABLE `careers` ENABLE KEYS */;
UNLOCK TABLES;

--
-- Table structure for table `mbti_career_mapping`
--

DROP TABLE IF EXISTS `mbti_career_mapping`;
/*!40101 SET @saved_cs_client     = @@character_set_client */;
/*!50503 SET character_set_client = utf8mb4 */;
CREATE TABLE `mbti_career_mapping` (
  `mapping_id` int NOT NULL AUTO_INCREMENT,
  `mbti_id` int NOT NULL,
  `career_id` int NOT NULL,
  `compatibility_score` int DEFAULT '5' COMMENT '1-10的兼容性评分',
  `is_core` tinyint(1) DEFAULT '1' COMMENT '是否为核心推荐职业',
  PRIMARY KEY (`mapping_id`),
  UNIQUE KEY `mbti_id` (`mbti_id`,`career_id`),
  KEY `career_id` (`career_id`),
  CONSTRAINT `mbti_career_mapping_ibfk_1` FOREIGN KEY (`mbti_id`) REFERENCES `mbti_types` (`mbti_id`),
  CONSTRAINT `mbti_career_mapping_ibfk_2` FOREIGN KEY (`career_id`) REFERENCES `careers` (`career_id`)
) ENGINE=InnoDB AUTO_INCREMENT=241 DEFAULT CHARSET=utf8mb4 COLLATE=utf8mb4_0900_ai_ci;
/*!40101 SET character_set_client = @saved_cs_client */;

--
-- Dumping data for table `mbti_career_mapping`
--

LOCK TABLES `mbti_career_mapping` WRITE;
/*!40000 ALTER TABLE `mbti_career_mapping` DISABLE KEYS */;
INSERT INTO `mbti_career_mapping` VALUES (1,9,92,9,1),(2,9,93,9,1),(3,9,77,8,1),(4,9,29,8,1),(5,9,94,9,1),(6,9,95,7,1),(7,9,96,9,0),(8,9,97,9,0),(9,9,98,8,0),(16,10,101,8,1),(17,10,102,9,1),(18,10,103,9,1),(19,10,5,7,1),(20,10,104,7,1),(21,10,62,8,1),(22,10,105,9,0),(23,10,106,8,0),(24,10,107,8,0),(31,11,29,9,1),(32,11,110,9,1),(33,11,72,8,1),(34,11,30,8,1),(35,11,10,7,1),(36,11,111,6,1),(37,11,112,9,0),(38,11,113,8,0),(39,11,114,8,0),(46,12,93,9,1),(47,12,117,9,1),(48,12,118,8,1),(49,12,50,7,1),(50,12,94,8,1),(51,12,119,7,1),(52,12,120,9,0),(53,12,121,8,0),(54,12,122,8,0),(61,13,125,9,1),(62,13,20,8,1),(63,13,5,7,1),(64,13,126,8,1),(65,13,58,7,1),(66,13,127,6,0),(67,13,128,9,0),(68,13,129,8,0),(76,14,62,9,1),(77,14,86,8,1),(78,14,58,9,1),(79,14,125,8,1),(80,14,132,7,1),(81,14,133,9,0),(82,14,134,8,0),(83,14,135,8,0),(91,15,111,8,1),(92,15,137,9,1),(93,15,17,8,1),(94,15,87,7,1),(95,15,126,8,1),(96,15,138,9,0),(97,15,139,8,0),(98,15,140,8,0),(106,16,64,9,1),(107,16,86,9,1),(108,16,73,8,1),(109,16,132,8,1),(110,16,95,7,1),(111,16,142,7,1),(112,16,143,9,0),(113,16,144,8,0),(114,16,145,8,0),(121,1,1,8,1),(122,1,2,7,1),(123,1,3,9,1),(124,1,4,9,1),(125,1,5,8,1),(126,1,6,8,1),(127,1,7,7,1),(128,1,8,7,1),(129,1,9,7,1),(130,1,10,8,0),(131,1,11,7,0),(132,1,12,6,0),(136,2,15,9,1),(137,2,16,8,1),(138,2,17,8,1),(139,2,18,7,1),(140,2,19,7,1),(141,2,20,9,1),(142,2,21,8,0),(143,2,22,8,0),(144,2,23,7,0),(151,3,1,8,1),(152,3,27,9,1),(153,3,28,9,1),(154,3,29,8,1),(155,3,30,8,1),(156,3,31,9,0),(157,3,32,8,0),(158,3,33,8,0),(166,4,37,8,1),(167,4,38,9,1),(168,4,39,8,1),(169,4,40,8,1),(170,4,16,7,1),(171,4,41,8,0),(172,4,42,8,0),(173,4,43,7,0),(181,5,6,9,1),(182,5,47,9,1),(183,5,48,8,1),(184,5,49,7,1),(185,5,50,8,1),(186,5,51,6,1),(187,5,52,8,0),(188,5,53,8,0),(189,5,54,7,0),(196,6,58,9,1),(197,6,59,9,1),(198,6,60,9,1),(199,6,61,8,1),(200,6,62,8,1),(201,6,63,7,1),(202,6,67,7,0),(203,6,68,7,0),(204,6,69,6,0),(211,8,84,9,1),(212,8,64,9,1),(213,8,85,8,1),(214,8,74,8,1),(215,8,86,7,1),(216,8,87,7,1),(217,8,44,9,0),(218,8,88,8,0),(219,8,89,8,0),(226,7,72,9,1),(227,7,73,8,1),(228,7,74,8,1),(229,7,75,7,1),(230,7,76,7,1),(231,7,77,6,1),(232,7,79,9,0),(233,7,80,8,0),(234,7,81,8,0);
/*!40000 ALTER TABLE `mbti_career_mapping` ENABLE KEYS */;
UNLOCK TABLES;

--
-- Table structure for table `mbti_questions`
--

DROP TABLE IF EXISTS `mbti_questions`;
/*!40101 SET @saved_cs_client     = @@character_set_client */;
/*!50503 SET character_set_client = utf8mb4 */;
CREATE TABLE `mbti_questions` (
  `id` int NOT NULL AUTO_INCREMENT,
  `question_number` int NOT NULL,
  `question_text` varchar(255) NOT NULL,
  `option1` varchar(100) NOT NULL,
  `option2` varchar(100) NOT NULL,
  `dimension` varchar(10) NOT NULL,
  `option1_score` int NOT NULL,
  `option2_score` int NOT NULL,
  PRIMARY KEY (`id`)
) ENGINE=InnoDB AUTO_INCREMENT=41 DEFAULT CHARSET=utf8mb4 COLLATE=utf8mb4_0900_ai_ci;
/*!40101 SET character_set_client = @saved_cs_client */;

--
-- Dumping data for table `mbti_questions`
--

LOCK TABLES `mbti_questions` WRITE;
/*!40000 ALTER TABLE `mbti_questions` DISABLE KEYS */;
INSERT INTO `mbti_questions` VALUES (1,1,'在聚会中，你通常','与许多人交流，包括陌生人','只与熟悉的人交流','E',1,-1),(2,2,'你更倾向于被认为是','务实的人','富有想象力的人','S',1,-1),(3,3,'对你来说更重要的是','不伤害他人的感受','不吝啬表达真相','F',1,-1),(4,4,'你更喜欢','按计划行事','随性而为','J',1,-1),(5,5,'你通常','容易与人相处','较为沉默寡言','E',1,-1),(6,6,'当你购买书时，你更可能选择','写实类的书','科幻或奇幻类的书','S',1,-1),(7,7,'做决定时，你更依赖','你的情感','你的逻辑','F',1,-1),(8,8,'你更喜欢','把事情安排妥当','顺其自然','J',1,-1),(9,9,'在社交场合中，你通常','主动与人交谈','等待别人来和你交谈','E',1,-1),(10,10,'你更感兴趣于','实际发生的事情','可能发生的事情','S',1,-1),(11,11,'评价他人时，你更可能考虑','他们的感受','他们的逻辑','F',1,-1),(12,12,'你更倾向于','制定详细的计划','灵活应对变化','J',1,-1),(13,13,'你觉得自己更像','外向的人','内向的人','E',1,-1),(14,14,'你更相信','你的经验','你的直觉','S',1,-1),(15,15,'你更希望自己拥有','同情心','坚定的意志','F',1,-1),(16,16,'你更喜欢','确定性和结构','随机性和灵活性','J',1,-1),(17,17,'你通常','容易结交新朋友','需要时间熟悉新朋友','E',1,-1),(18,18,'你更倾向于关注','现实细节','整体概念','S',1,-1),(19,19,'你更可能根据','个人价值观','客观分析','F',1,-1),(20,20,'你更喜欢','有组织的生活方式','自发的生活方式','J',1,-1),(21,21,'在大型聚会中，你通常','精力充沛','感到疲惫','E',1,-1),(22,22,'你更可能选择','确定的事实','创新的想法','S',1,-1),(23,23,'你更倾向于','感同身受','客观公正','F',1,-1),(24,24,'你更喜欢','提前安排活动','临时决定活动','J',1,-1),(25,25,'你通常觉得','与人交谈很容易','独自思考很舒服','E',1,-1),(26,26,'你更信任','实际经验','灵感直觉','S',1,-1),(27,27,'你更可能考虑','人的感受','事实的真相','F',1,-1),(28,28,'你更喜欢','有计划的旅行','说走就走的旅行','J',1,-1),(29,29,'在社交活动中，你通常','是中心人物','在边缘观察','E',1,-1),(30,30,'你更可能被描述为','注重实际','富有想象力','S',1,-1),(31,31,'做决定时，你更可能','考虑他人的感受','坚持原则','F',1,-1),(32,32,'你更喜欢','按部就班','灵活多变','J',1,-1),(33,33,'你通常','喜欢说话','喜欢倾听','E',1,-1),(34,34,'你更关注','现实情况','未来可能','S',1,-1),(35,35,'你更可能','同情他人','分析问题','F',1,-1),(36,36,'你更喜欢','有明确目标','保持开放选择','J',1,-1),(37,37,'你通常觉得','与人相处很轻松','独处很自在','E',1,-1),(38,38,'你更倾向于','关注当下','展望未来','S',1,-1),(39,39,'你更看重','和谐关系','正确性','F',1,-1),(40,40,'你更喜欢','有计划的日程','自由的日程','J',1,-1);
/*!40000 ALTER TABLE `mbti_questions` ENABLE KEYS */;
UNLOCK TABLES;

--
-- Table structure for table `mbti_types`
--

DROP TABLE IF EXISTS `mbti_types`;
/*!40101 SET @saved_cs_client     = @@character_set_client */;
/*!50503 SET character_set_client = utf8mb4 */;
CREATE TABLE `mbti_types` (
  `mbti_id` int NOT NULL AUTO_INCREMENT,
  `mbti_code` varchar(4) NOT NULL,
  `mbti_name` varchar(50) NOT NULL,
  `description` text,
  `created_at` timestamp NULL DEFAULT CURRENT_TIMESTAMP,
  PRIMARY KEY (`mbti_id`),
  UNIQUE KEY `mbti_code` (`mbti_code`)
) ENGINE=InnoDB AUTO_INCREMENT=18 DEFAULT CHARSET=utf8mb4 COLLATE=utf8mb4_0900_ai_ci;
/*!40101 SET character_set_client = @saved_cs_client */;

--
-- Dumping data for table `mbti_types`
--

LOCK TABLES `mbti_types` WRITE;
/*!40000 ALTER TABLE `mbti_types` DISABLE KEYS */;
INSERT INTO `mbti_types` VALUES (1,'ISTJ','物流师','务实、严谨、注重规则与秩序','2025-07-15 01:00:34'),(2,'ISFJ','守卫者','细致、共情、服务导向','2025-07-15 01:00:34'),(3,'ESTJ','总经理','高效、权威、组织力强','2025-07-15 01:00:34'),(4,'ESFJ','执政官','友善、协调、注重和谐','2025-07-15 01:00:34'),(5,'ISTP','鉴赏家','冷静、动手能力强、冒险精神','2025-07-15 01:00:34'),(6,'ISFP','探险家','艺术敏感、自由、注重体验','2025-07-15 01:00:34'),(7,'ESTP','企业家','灵活、冒险、即时行动派','2025-07-15 01:00:34'),(8,'ESFP','表演者','热情、表现力强、享受社交','2025-07-15 01:00:34'),(9,'INTJ','建筑师','战略家、独立、追求效率','2025-07-15 01:00:34'),(10,'INTP','逻辑学家','逻辑狂、好奇心强、理论导向','2025-07-15 01:00:34'),(11,'ENTJ','指挥官','领导者、果断、目标明确','2025-07-15 01:00:34'),(12,'ENTP','辩论家','辩论家、创新、挑战现状','2025-07-15 01:00:34'),(13,'INFJ','提倡者','理想主义、洞察力、使命感','2025-07-15 01:00:34'),(14,'INFP','调停者','诗意、价值观驱动、治愈者','2025-07-15 01:00:34'),(15,'ENFJ','主人公','导师型、激励他人、社交洞察','2025-07-15 01:00:34'),(16,'ENFP','竞选者','创意、热情、探索者','2025-07-15 01:00:34');
/*!40000 ALTER TABLE `mbti_types` ENABLE KEYS */;
UNLOCK TABLES;
/*!40103 SET TIME_ZONE=@OLD_TIME_ZONE */;

/*!40101 SET SQL_MODE=@OLD_SQL_MODE */;
/*!40014 SET FOREIGN_KEY_CHECKS=@OLD_FOREIGN_KEY_CHECKS */;
/*!40014 SET UNIQUE_CHECKS=@OLD_UNIQUE_CHECKS */;
/*!40101 SET CHARACTER_SET_CLIENT=@OLD_CHARACTER_SET_CLIENT */;
/*!40101 SET CHARACTER_SET_RESULTS=@OLD_CHARACTER_SET_RESULTS */;
/*!40101 SET COLLATION_CONNECTION=@OLD_COLLATION_CONNECTION */;
/*!40111 SET SQL_NOTES=@OLD_SQL_NOTES */;

-- Dump completed on 2025-07-24 11:31:26
